{
    "data":
            [
                {
                    "sensorId": 13,
                    "timestamp": {
                        "$date": "2021-06-16T12:34:42Z"
                    },
                    "type": "temperature",
                    "value": 25
                },
                {
                    "sensorId": 18,
                    "timestamp": {
                        "$date": "2021-06-10T05:55:57Z"
                    },
                    "type": "humidity",
                    "value": 26
                },
                {
                    "sensorId": 15,
                    "timestamp": {
                        "$date": "2021-06-12T18:37:47Z"
                    },
                    "type": "temperature",
                    "value": 22
                },
                {
                    "sensorId": 5,
                    "timestamp": {
                        "$date": "2021-06-26T19:24:15Z"
                    },
                    "type": "humidity",
                    "value": 62
                },
                {
                    "sensorId": 20,
                    "timestamp": {
                        "$date": "2021-06-01T06:00:27Z"
                    },
                    "type": "temperature",
                    "value": 18
                }
            ]
}