id,pid,affiliation,lang,points
2017,1,Математическа гимназия - Габрово,C++,86
2018,1,Математическа гимназия - Габрово,C++,92
2017,2,Математическа гимназия - Габрово,C++,86
2018,2,Математическа гимназия - Габрово,C++,92
2017,3,Математическа гимназия - Габрово,C++,82
2017,4,Математическа гимназия - Габрово,C++,80
2018,4,Математическа гимназия - Габрово,C++,96
2017,5,ТУ - Габрово,C++,75
2017,6,Математическа гимназия - Габрово,C++,74
2018,6,Математическа гимназия - Габрово,C++,82
2017,7,Математическа гимназия - Габрово,C++,72
2018,7,Математическа гимназия - Габрово,C++,74
2017,8,Математическа гимназия - Габрово,C++,70
2018,8,Математическа гимназия - Габрово,C++,82
2017,9,Математическа гимназия - Габрово,C#,67
2017,10,ТУ - Габрово,C++,65
2017,11,Математическа гимназия - Габрово,C++,63
2018,11,Математическа гимназия - Габрово,C++,82
2017,12,ТУ - Габрово,C#,58
2017,13,Математическа гимназия - Габрово,Java,57
2017,14,Математическа гимназия - Габрово,C++,54
2018,14,Математическа гимназия - Габрово,C++,84
2017,15,ТУ - Габрово,C++,0
2018,16,ТУ - Габрово,C#,75
2018,17,ТУ - Габрово,C#,75
2018,18,ТУ - Габрово,Java,72
2018,19,Математическа гимназия - Габрово,C++,72
2018,20,Математическа гимназия - Габрово,C++,63
2018,21,Математическа гимназия - Габрово,C#,60
