id,firstname,family,lastname
1,Йордан,Валентинов,Петков
2,Мартин,Даниел,Копчев
3,Георги,Делянов,Генков
4,Добрин,Венциславов,Башев
5,Йордан,Руменов,Пенев
6,Адриян,Ивов,Ибовски
7,Веселин,Александров,Димов
8,Пламен,Венелинов,Динев
9,Тихомир,Тихомиров,Галов
10,Димитър,Константинов,Любенов
11,Никола,Мирославов,Максимов
12,Валентин,Иванов,Владимиров
13,Виктор,Пламенов,Венков
14,Цвета,Огнянова,Тодорова
15,Георги,Илков,Бешев
16,Стефан,Георгиев,Георгиев
17,Ивайло,Николаев,Иванов
18,Цветомир,,Бонев
19,Емил,Иво,Бонев
20,Ясен,Пламенов,Пенчев
21,Емил,Йорданов,Йорданов
