points,medal
0,none
1,none
2,none
3,none
4,none
5,none
6,none
7,none
8,none
9,none
10,none
11,none
12,none
13,none
14,none
15,none
16,none
17,none
18,none
19,none
20,none
21,none
22,none
23,none
24,none
25,none
26,none
27,none
28,none
29,none
30,none
31,none
32,none
33,none
34,none
35,none
36,none
37,none
38,none
39,none
40,none
41,none
42,none
43,none
44,none
45,none
46,none
47,none
48,none
49,none
50,bronze
51,bronze
52,bronze
53,bronze
54,bronze
55,bronze
56,bronze
57,bronze
58,bronze
59,bronze
60,bronze
61,bronze
62,bronze
63,bronze
64,bronze
65,silver
66,silver
67,silver
68,silver
69,silver
70,silver
71,silver
72,silver
73,silver
74,silver
75,silver
76,silver
77,silver
78,silver
79,silver
80,silver
81,silver
82,silver
83,silver
84,silver
85,gold
86,gold
87,gold
88,gold
89,gold
90,gold
91,gold
92,gold
93,gold
94,gold
95,gold
96,gold
97,gold
98,gold
99,gold
100,gold
